,name,count
6823,autogpts.PolyGPT-alpha.forge.sdk.forge_log.ForgeLogger.__init__|logging.Formatter.__init__,2
6824,autogpts.PolyGPT-alpha.forge.sdk.forge_log.ForgeLogger.__init__|logging.Handler.setFormatter,2
6825,autogpts.PolyGPT-alpha.forge.sdk.agent_test.test_get_step|object.__init__,2
6826,autogpts.PolyGPT-alpha.forge.sdk.agent_test.test_create_and_execute_step|object.__init__,2
6827,autogpts.PolyGPT-alpha.forge.sdk.abilities.web.web_selenium.open_page_in_browser|str.__eq__,2
28479,autogpts.PolyGPT-alpha.llms_config.LlmConfiguration._find_and_load_config|BaseException.__init__,1
28480,autogpts.PolyGPT-alpha.llms_config.LlmConfiguration._find_and_load_config|str.__eq__,1
28481,autogpts.PolyGPT-alpha.llms_config.LlmConfiguration.__new__|object.__new__,1
28482,autogpts.PolyGPT-alpha.llms_config.LlmConfiguration.__init__|autogpts.PolyGPT-alpha.llms_config.LlmConfiguration._find_and_load_config,1
28483,autogpts.PolyGPT-alpha.forge.tools.search.search|bs4.BeautifulSoup.__init__,1
28484,autogpts.PolyGPT-alpha.forge.tools.search.search|list.append,1
28485,autogpts.PolyGPT-alpha.forge.tools.search.search|bs4.element.Tag.find_all,1
28486,autogpts.PolyGPT-alpha.forge.tools.search.search|requests.models.Response.text,1
28487,autogpts.PolyGPT-alpha.forge.tools.search.search|str.__add__,1
28488,autogpts.PolyGPT-alpha.forge.tools.scrape_website.scrape_website|requests.models.Response.content,1
28489,autogpts.PolyGPT-alpha.forge.tools.scrape_website.scrape_website|bs4.BeautifulSoup.__init__,1
28490,autogpts.PolyGPT-alpha.forge.tools.scrape_website.scrape_website|int.__gt__,1
28491,autogpts.PolyGPT-alpha.forge.tools.scrape_website.scrape_website|bs4.element.PageElement.get_text,1
28492,autogpts.PolyGPT-alpha.forge.tools.scrape_website.scrape_website|int.__eq__,1
28493,autogpts.PolyGPT-alpha.forge.sdk.workspace_test.test_local_read_write_delete_exists|bytes.__eq__,1
28494,autogpts.PolyGPT-alpha.forge.sdk.workspace_test.test_local_read_write_delete_exists|autogpts.PolyGPT-alpha.forge.sdk.workspace.LocalWorkspace.read,1
28495,autogpts.PolyGPT-alpha.forge.sdk.workspace_test.test_local_read_write_delete_exists|autogpts.PolyGPT-alpha.forge.sdk.workspace.LocalWorkspace.write,1
28496,autogpts.PolyGPT-alpha.forge.sdk.workspace_test.test_local_read_write_delete_exists|autogpts.PolyGPT-alpha.forge.sdk.workspace.LocalWorkspace.delete,1
28497,autogpts.PolyGPT-alpha.forge.sdk.workspace_test.test_local_read_write_delete_exists|autogpts.PolyGPT-alpha.forge.sdk.workspace.LocalWorkspace.__init__,1
28498,autogpts.PolyGPT-alpha.forge.sdk.workspace_test.test_local_read_write_delete_exists|autogpts.PolyGPT-alpha.forge.sdk.workspace.LocalWorkspace.exists,1
28499,autogpts.PolyGPT-alpha.forge.sdk.workspace_test.test_local_list|object.__eq__,1
28500,autogpts.PolyGPT-alpha.forge.sdk.workspace_test.test_local_list|autogpts.PolyGPT-alpha.forge.sdk.workspace.LocalWorkspace.write,1
28501,autogpts.PolyGPT-alpha.forge.sdk.workspace_test.test_local_list|set.__init__,1
28502,autogpts.PolyGPT-alpha.forge.sdk.workspace_test.test_local_list|autogpts.PolyGPT-alpha.forge.sdk.workspace.LocalWorkspace.list,1
28503,autogpts.PolyGPT-alpha.forge.sdk.workspace_test.test_local_list|autogpts.PolyGPT-alpha.forge.sdk.workspace.LocalWorkspace.__init__,1
28504,autogpts.PolyGPT-alpha.forge.sdk.workspace.LocalWorkspace.write|io.BufferedWriter.write,1
28505,autogpts.PolyGPT-alpha.forge.sdk.workspace.LocalWorkspace.write|io.BufferedWriter.__enter__,1
28506,autogpts.PolyGPT-alpha.forge.sdk.workspace.LocalWorkspace.write|autogpts.PolyGPT-alpha.forge.sdk.workspace.LocalWorkspace._resolve_path,1
28507,autogpts.PolyGPT-alpha.forge.sdk.workspace.LocalWorkspace.read|io.BufferedReader.__enter__,1
28508,autogpts.PolyGPT-alpha.forge.sdk.workspace.LocalWorkspace.read|autogpts.PolyGPT-alpha.forge.sdk.workspace.LocalWorkspace._resolve_path,1
28509,autogpts.PolyGPT-alpha.forge.sdk.workspace.LocalWorkspace.read|io.BufferedIOBase.read,1
28510,autogpts.PolyGPT-alpha.forge.sdk.workspace.LocalWorkspace.list|typing.Generator.__next__,1
28511,autogpts.PolyGPT-alpha.forge.sdk.workspace.LocalWorkspace.list|pathlib.PurePath.relative_to,1
28512,autogpts.PolyGPT-alpha.forge.sdk.workspace.LocalWorkspace.list|pathlib.Path.is_dir,1
28513,autogpts.PolyGPT-alpha.forge.sdk.workspace.LocalWorkspace.list|object.__repr__,1
28514,autogpts.PolyGPT-alpha.forge.sdk.workspace.LocalWorkspace.list|pathlib.Path.iterdir,1
28515,autogpts.PolyGPT-alpha.forge.sdk.workspace.LocalWorkspace.list|pathlib.Path.exists,1
28516,autogpts.PolyGPT-alpha.forge.sdk.workspace.LocalWorkspace.list|autogpts.PolyGPT-alpha.forge.sdk.workspace.LocalWorkspace._resolve_path,1
28517,autogpts.PolyGPT-alpha.forge.sdk.workspace.LocalWorkspace.exists|pathlib.Path.exists,1
28518,autogpts.PolyGPT-alpha.forge.sdk.workspace.LocalWorkspace.exists|autogpts.PolyGPT-alpha.forge.sdk.workspace.LocalWorkspace._resolve_path,1
28519,autogpts.PolyGPT-alpha.forge.sdk.workspace.LocalWorkspace.delete|autogpts.PolyGPT-alpha.forge.sdk.workspace.LocalWorkspace._resolve_path,1
28520,autogpts.PolyGPT-alpha.forge.sdk.workspace.LocalWorkspace._resolve_path|str.startswith,1
28521,autogpts.PolyGPT-alpha.forge.sdk.workspace.LocalWorkspace._resolve_path|BaseException.__init__,1
28522,autogpts.PolyGPT-alpha.forge.sdk.workspace.LocalWorkspace._resolve_path|str.__getitem__,1
28523,autogpts.PolyGPT-alpha.forge.sdk.workspace.LocalWorkspace._resolve_path|slice.__init__,1
28524,autogpts.PolyGPT-alpha.forge.sdk.workspace.LocalWorkspace._resolve_path|object.__repr__,1
28525,autogpts.PolyGPT-alpha.forge.sdk.workspace.LocalWorkspace.__init__|pathlib.Path.resolve,1
28526,autogpts.PolyGPT-alpha.forge.sdk.workspace.LocalWorkspace.__init__|pathlib.Path.__new__,1
28527,autogpts.PolyGPT-alpha.forge.sdk.prompting.PromptEngine.load_prompt|logging.Logger.error,1
28528,autogpts.PolyGPT-alpha.forge.sdk.prompting.PromptEngine.load_prompt|logging.Logger.debug,1
28529,autogpts.PolyGPT-alpha.forge.sdk.prompting.PromptEngine.get_closest_match|logging.Logger.error,1
28530,autogpts.PolyGPT-alpha.forge.sdk.prompting.PromptEngine.get_closest_match|list.__getitem__,1
28531,autogpts.PolyGPT-alpha.forge.sdk.prompting.PromptEngine.get_closest_match|logging.Logger.info,1
28532,autogpts.PolyGPT-alpha.forge.sdk.prompting.PromptEngine.get_closest_match|str.join,1
28533,autogpts.PolyGPT-alpha.forge.sdk.prompting.PromptEngine.get_closest_match|logging.Logger.debug,1
28534,autogpts.PolyGPT-alpha.forge.sdk.prompting.PromptEngine.__init__|logging.Logger.error,1
28535,autogpts.PolyGPT-alpha.forge.sdk.prompting.PromptEngine.__init__|jinja2.loaders.FileSystemLoader.__init__,1
28536,autogpts.PolyGPT-alpha.forge.sdk.prompting.PromptEngine.__init__|jinja2.environment.Environment.__init__,1
28537,autogpts.PolyGPT-alpha.forge.sdk.prompting.PromptEngine.__init__|str.__contains__,1
28538,autogpts.PolyGPT-alpha.forge.sdk.prompting.PromptEngine.__init__|autogpts.PolyGPT-alpha.forge.sdk.prompting.PromptEngine.get_closest_match,1
28539,autogpts.PolyGPT-alpha.forge.sdk.prompting.PromptEngine.__init__|logging.Logger.debug,1
28540,autogpts.PolyGPT-alpha.forge.sdk.memory.memstore_test.test_update|hashlib._Hash.hexdigest,1
28541,autogpts.PolyGPT-alpha.forge.sdk.memory.memstore_test.test_update|str.__getitem__,1
28542,autogpts.PolyGPT-alpha.forge.sdk.memory.memstore_test.test_update|slice.__init__,1
28543,autogpts.PolyGPT-alpha.forge.sdk.memory.memstore_test.test_update|str.encode,1
28544,autogpts.PolyGPT-alpha.forge.sdk.memory.memstore_test.test_query|int.__eq__,1
28545,autogpts.PolyGPT-alpha.forge.sdk.memory.memstore_test.test_delete|hashlib._Hash.hexdigest,1
28546,autogpts.PolyGPT-alpha.forge.sdk.memory.memstore_test.test_delete|str.__getitem__,1
28547,autogpts.PolyGPT-alpha.forge.sdk.memory.memstore_test.test_delete|slice.__init__,1
28548,autogpts.PolyGPT-alpha.forge.sdk.memory.memstore_test.test_delete|str.encode,1
28549,autogpts.PolyGPT-alpha.forge.sdk.memory.memstore_test.test_add|hashlib._Hash.hexdigest,1
28550,autogpts.PolyGPT-alpha.forge.sdk.memory.memstore_test.test_add|str.__getitem__,1
28551,autogpts.PolyGPT-alpha.forge.sdk.memory.memstore_test.test_add|slice.__init__,1
28552,autogpts.PolyGPT-alpha.forge.sdk.memory.memstore_test.test_add|str.encode,1
28553,autogpts.PolyGPT-alpha.forge.sdk.memory.memstore.MemStore.update_task_memory|autogpts.PolyGPT-alpha.forge.sdk.memory.memstore.MemStore.update,1
28554,autogpts.PolyGPT-alpha.forge.sdk.memory.memstore.MemStore.query_task_memory|autogpts.PolyGPT-alpha.forge.sdk.memory.memstore.MemStore.query,1
28555,autogpts.PolyGPT-alpha.forge.sdk.memory.memstore.MemStore.get_task_memory|autogpts.PolyGPT-alpha.forge.sdk.memory.memstore.MemStore.get,1
28556,autogpts.PolyGPT-alpha.forge.sdk.memory.memstore.MemStore.delete_task_memory|autogpts.PolyGPT-alpha.forge.sdk.memory.memstore.MemStore.delete,1
28557,autogpts.PolyGPT-alpha.forge.sdk.memory.memstore.MemStore.add_task_memory|autogpts.PolyGPT-alpha.forge.sdk.memory.memstore.MemStore.add,1
28558,autogpts.PolyGPT-alpha.forge.sdk.memory.chroma_memstore.ChromaMemStore.query|dict.__setitem__,1
28559,autogpts.PolyGPT-alpha.forge.sdk.memory.chroma_memstore.ChromaMemStore.get|dict.__setitem__,1
28560,autogpts.PolyGPT-alpha.forge.sdk.memory.chroma_memstore.ChromaMemStore.add|hashlib._Hash.hexdigest,1
28561,autogpts.PolyGPT-alpha.forge.sdk.memory.chroma_memstore.ChromaMemStore.add|str.__getitem__,1
28562,autogpts.PolyGPT-alpha.forge.sdk.memory.chroma_memstore.ChromaMemStore.add|slice.__init__,1
28563,autogpts.PolyGPT-alpha.forge.sdk.memory.chroma_memstore.ChromaMemStore.add|str.encode,1
28564,autogpts.PolyGPT-alpha.forge.sdk.llm.transcribe_audio|logging.Logger.error,1
28565,autogpts.PolyGPT-alpha.forge.sdk.llm.create_embedding_request|logging.Logger.error,1
28566,autogpts.PolyGPT-alpha.forge.sdk.llm.chat_completion_request|logging.Logger.exception,1
28567,autogpts.PolyGPT-alpha.forge.sdk.llm.chat_completion_request|logging.Logger.error,1
28568,autogpts.PolyGPT-alpha.forge.sdk.llm.chat_completion_request|dict.__setitem__,1
28569,autogpts.PolyGPT-alpha.forge.sdk.forge_log.formatter_message|str.replace,1
28570,autogpts.PolyGPT-alpha.forge.sdk.forge_log.format_word|str.replace,1
28571,autogpts.PolyGPT-alpha.forge.sdk.forge_log.format_word|str.__add__,1
28572,autogpts.PolyGPT-alpha.forge.sdk.forge_log.QueueLogger.__init__|logging.handlers.QueueHandler.__init__,1
28573,autogpts.PolyGPT-alpha.forge.sdk.forge_log.QueueLogger.__init__|logging.Logger.__init__,1
28574,autogpts.PolyGPT-alpha.forge.sdk.forge_log.QueueLogger.__init__|queue.Queue.__init__,1
28575,autogpts.PolyGPT-alpha.forge.sdk.forge_log.QueueLogger.__init__|logging.Logger.addHandler,1
28576,autogpts.PolyGPT-alpha.forge.sdk.forge_log.ForgeLogger.chat|logging.Logger._log,1
28577,autogpts.PolyGPT-alpha.forge.sdk.forge_log.ForgeLogger.chat|logging.Logger.isEnabledFor,1
28578,autogpts.PolyGPT-alpha.forge.sdk.forge_log.ForgeLogger.chat|dict.get,1
28579,autogpts.PolyGPT-alpha.forge.sdk.forge_log.ForgeLogger.__init__|logging.handlers.QueueHandler.__init__,1
28580,autogpts.PolyGPT-alpha.forge.sdk.forge_log.ForgeLogger.__init__|autogpts.PolyGPT-alpha.forge.sdk.forge_log.ConsoleFormatter.__init__,1
28581,autogpts.PolyGPT-alpha.forge.sdk.forge_log.ForgeLogger.__init__|logging.Logger.__init__,1
28582,autogpts.PolyGPT-alpha.forge.sdk.forge_log.ForgeLogger.__init__|logging.StreamHandler.__init__,1
28583,autogpts.PolyGPT-alpha.forge.sdk.forge_log.ForgeLogger.__init__|logging.Logger.addHandler,1
28584,autogpts.PolyGPT-alpha.forge.sdk.forge_log.ForgeLogger.__init__|queue.Queue.__init__,1
28585,autogpts.PolyGPT-alpha.forge.sdk.forge_log.ConsoleFormatter.format|logging.Formatter.format,1
28586,autogpts.PolyGPT-alpha.forge.sdk.forge_log.ConsoleFormatter.format|typing.Mapping.__contains__,1
28587,autogpts.PolyGPT-alpha.forge.sdk.forge_log.ConsoleFormatter.format|dict.__getitem__,1
28588,autogpts.PolyGPT-alpha.forge.sdk.forge_log.ConsoleFormatter.format|str.__add__,1
28589,autogpts.PolyGPT-alpha.forge.sdk.forge_log.ConsoleFormatter.__init__|logging.Formatter.__init__,1
28590,autogpts.PolyGPT-alpha.forge.sdk.errors.AgentException.__init__|BaseException.__init__,1
28591,autogpts.PolyGPT-alpha.forge.sdk.db_test.test_updating_step|list.__getitem__,1
28592,autogpts.PolyGPT-alpha.forge.sdk.db_test.test_updating_step|str.split,1
28593,autogpts.PolyGPT-alpha.forge.sdk.db_test.test_task_schema|datetime.datetime.now,1
28594,autogpts.PolyGPT-alpha.forge.sdk.db_test.test_task_schema|int.__eq__,1
28595,autogpts.PolyGPT-alpha.forge.sdk.db_test.test_table_creation|sqlite3.dbapi2.Cursor.fetchone,1
28596,autogpts.PolyGPT-alpha.forge.sdk.db_test.test_table_creation|sqlite3.dbapi2.Cursor.execute,1
28597,autogpts.PolyGPT-alpha.forge.sdk.db_test.test_table_creation|sqlite3.dbapi2.Connection.cursor,1
28598,autogpts.PolyGPT-alpha.forge.sdk.db_test.test_table_creation|list.__getitem__,1
28599,autogpts.PolyGPT-alpha.forge.sdk.db_test.test_table_creation|str.split,1
28600,autogpts.PolyGPT-alpha.forge.sdk.db_test.test_step_schema|datetime.datetime.now,1
28601,autogpts.PolyGPT-alpha.forge.sdk.db_test.test_step_schema|int.__eq__,1
28602,autogpts.PolyGPT-alpha.forge.sdk.db_test.test_list_tasks|list.__contains__,1
28603,autogpts.PolyGPT-alpha.forge.sdk.db_test.test_list_tasks|list.__getitem__,1
28604,autogpts.PolyGPT-alpha.forge.sdk.db_test.test_list_tasks|str.split,1
28605,autogpts.PolyGPT-alpha.forge.sdk.db_test.test_list_steps|list.__contains__,1
28606,autogpts.PolyGPT-alpha.forge.sdk.db_test.test_list_steps|list.__getitem__,1
28607,autogpts.PolyGPT-alpha.forge.sdk.db_test.test_list_steps|str.split,1
28608,autogpts.PolyGPT-alpha.forge.sdk.db_test.test_get_task_not_found|list.__getitem__,1
28609,autogpts.PolyGPT-alpha.forge.sdk.db_test.test_get_task_not_found|str.split,1
28610,autogpts.PolyGPT-alpha.forge.sdk.db_test.test_get_step_not_found|list.__getitem__,1
28611,autogpts.PolyGPT-alpha.forge.sdk.db_test.test_get_step_not_found|str.split,1
28612,autogpts.PolyGPT-alpha.forge.sdk.db_test.test_get_artifact|list.__getitem__,1
28613,autogpts.PolyGPT-alpha.forge.sdk.db_test.test_get_artifact|str.split,1
28614,autogpts.PolyGPT-alpha.forge.sdk.db_test.test_create_task|list.__getitem__,1
28615,autogpts.PolyGPT-alpha.forge.sdk.db_test.test_create_task|str.split,1
28616,autogpts.PolyGPT-alpha.forge.sdk.db_test.test_create_and_get_task|list.__getitem__,1
28617,autogpts.PolyGPT-alpha.forge.sdk.db_test.test_create_and_get_task|str.split,1
28618,autogpts.PolyGPT-alpha.forge.sdk.db_test.test_create_and_get_step|list.__getitem__,1
28619,autogpts.PolyGPT-alpha.forge.sdk.db_test.test_create_and_get_step|str.split,1
28620,autogpts.PolyGPT-alpha.forge.sdk.db_test.test_convert_to_task|datetime.datetime.now,1
28621,autogpts.PolyGPT-alpha.forge.sdk.db_test.test_convert_to_task|int.__eq__,1
28622,autogpts.PolyGPT-alpha.forge.sdk.db_test.test_convert_to_step|datetime.datetime.now,1
28623,autogpts.PolyGPT-alpha.forge.sdk.db_test.test_convert_to_step|int.__eq__,1
28624,autogpts.PolyGPT-alpha.forge.sdk.db_test.test_convert_to_artifact|datetime.datetime.now,1
28625,autogpts.PolyGPT-alpha.forge.sdk.db.convert_to_task|logging.Logger.debug,1
28626,autogpts.PolyGPT-alpha.forge.sdk.db.convert_to_task|object.__init__,1
28627,autogpts.PolyGPT-alpha.forge.sdk.db.convert_to_step|sqlalchemy.sql.operators.ColumnOperators.__eq__,1
28628,autogpts.PolyGPT-alpha.forge.sdk.db.convert_to_step|logging.Logger.debug,1
28629,autogpts.PolyGPT-alpha.forge.sdk.db.convert_to_step|object.__init__,1
28630,autogpts.PolyGPT-alpha.forge.sdk.db.convert_to_artifact|object.__init__,1
28631,autogpts.PolyGPT-alpha.forge.sdk.db.AgentDB.update_step|autogpts.PolyGPT-alpha.forge.sdk.db.AgentDB.get_step,1
28632,autogpts.PolyGPT-alpha.forge.sdk.db.AgentDB.update_step|logging.Logger.error,1
28633,autogpts.PolyGPT-alpha.forge.sdk.db.AgentDB.update_step|sqlalchemy.orm.query.Query.first,1
28634,autogpts.PolyGPT-alpha.forge.sdk.db.AgentDB.update_step|sqlalchemy.orm.session.Session.__enter__,1
28635,autogpts.PolyGPT-alpha.forge.sdk.db.AgentDB.update_step|sqlalchemy.orm.session.sessionmaker.__call__,1
28636,autogpts.PolyGPT-alpha.forge.sdk.db.AgentDB.update_step|logging.Logger.debug,1
28637,autogpts.PolyGPT-alpha.forge.sdk.db.AgentDB.update_step|BaseException.__init__,1
28638,autogpts.PolyGPT-alpha.forge.sdk.db.AgentDB.update_step|sqlalchemy.orm.query.Query.filter_by,1
28639,autogpts.PolyGPT-alpha.forge.sdk.db.AgentDB.update_step|sqlalchemy.orm.session.Session.query,1
28640,autogpts.PolyGPT-alpha.forge.sdk.db.AgentDB.update_step|sqlalchemy.orm.session.Session.commit,1
28641,autogpts.PolyGPT-alpha.forge.sdk.db.AgentDB.list_tasks|logging.Logger.error,1
28642,autogpts.PolyGPT-alpha.forge.sdk.db.AgentDB.list_tasks|int.__truediv__,1
28643,autogpts.PolyGPT-alpha.forge.sdk.db.AgentDB.list_tasks|int.__sub__,1
28644,autogpts.PolyGPT-alpha.forge.sdk.db.AgentDB.list_tasks|sqlalchemy.orm.query.Query.offset,1
28645,autogpts.PolyGPT-alpha.forge.sdk.db.AgentDB.list_tasks|sqlalchemy.orm.session.Session.__enter__,1
28646,autogpts.PolyGPT-alpha.forge.sdk.db.AgentDB.list_tasks|object.__init__,1
28647,autogpts.PolyGPT-alpha.forge.sdk.db.AgentDB.list_tasks|sqlalchemy.orm.query.Query.limit,1
28648,autogpts.PolyGPT-alpha.forge.sdk.db.AgentDB.list_tasks|sqlalchemy.orm.query.Query.all,1
28649,autogpts.PolyGPT-alpha.forge.sdk.db.AgentDB.list_tasks|int.__mul__,1
28650,autogpts.PolyGPT-alpha.forge.sdk.db.AgentDB.list_tasks|sqlalchemy.orm.session.sessionmaker.__call__,1
28651,autogpts.PolyGPT-alpha.forge.sdk.db.AgentDB.list_tasks|logging.Logger.debug,1
28652,autogpts.PolyGPT-alpha.forge.sdk.db.AgentDB.list_tasks|sqlalchemy.orm.session.Session.query,1
28653,autogpts.PolyGPT-alpha.forge.sdk.db.AgentDB.list_tasks|sqlalchemy.orm.query.Query.count,1
28654,autogpts.PolyGPT-alpha.forge.sdk.db.AgentDB.list_steps|sqlalchemy.orm.query.Query.count,1
28655,autogpts.PolyGPT-alpha.forge.sdk.db.AgentDB.list_steps|int.__truediv__,1
28656,autogpts.PolyGPT-alpha.forge.sdk.db.AgentDB.list_steps|int.__sub__,1
28657,autogpts.PolyGPT-alpha.forge.sdk.db.AgentDB.list_steps|sqlalchemy.orm.session.Session.__enter__,1
28658,autogpts.PolyGPT-alpha.forge.sdk.db.AgentDB.list_steps|object.__init__,1
28659,autogpts.PolyGPT-alpha.forge.sdk.db.AgentDB.list_steps|int.__mul__,1
28660,autogpts.PolyGPT-alpha.forge.sdk.db.AgentDB.list_steps|logging.Logger.debug,1
28661,autogpts.PolyGPT-alpha.forge.sdk.db.AgentDB.list_steps|sqlalchemy.orm.query.Query.limit,1
28662,autogpts.PolyGPT-alpha.forge.sdk.db.AgentDB.list_steps|sqlalchemy.orm.query.Query.offset,1
28663,autogpts.PolyGPT-alpha.forge.sdk.db.AgentDB.list_steps|sqlalchemy.orm.session.Session.query,1
28664,autogpts.PolyGPT-alpha.forge.sdk.db.AgentDB.list_steps|sqlalchemy.orm.query.Query.all,1
28665,autogpts.PolyGPT-alpha.forge.sdk.db.AgentDB.list_steps|logging.Logger.error,1
28666,autogpts.PolyGPT-alpha.forge.sdk.db.AgentDB.list_steps|sqlalchemy.orm.session.sessionmaker.__call__,1
28667,autogpts.PolyGPT-alpha.forge.sdk.db.AgentDB.list_steps|sqlalchemy.orm.query.Query.filter_by,1
28668,autogpts.PolyGPT-alpha.forge.sdk.db.AgentDB.list_artifacts|int.__truediv__,1
28669,autogpts.PolyGPT-alpha.forge.sdk.db.AgentDB.list_artifacts|int.__sub__,1
28670,autogpts.PolyGPT-alpha.forge.sdk.db.AgentDB.list_artifacts|sqlalchemy.orm.query.Query.count,1
28671,autogpts.PolyGPT-alpha.forge.sdk.db.AgentDB.list_artifacts|sqlalchemy.orm.session.Session.__enter__,1
28672,autogpts.PolyGPT-alpha.forge.sdk.db.AgentDB.list_artifacts|object.__init__,1
28673,autogpts.PolyGPT-alpha.forge.sdk.db.AgentDB.list_artifacts|int.__mul__,1
28674,autogpts.PolyGPT-alpha.forge.sdk.db.AgentDB.list_artifacts|logging.Logger.debug,1
28675,autogpts.PolyGPT-alpha.forge.sdk.db.AgentDB.list_artifacts|sqlalchemy.orm.query.Query.offset,1
28676,autogpts.PolyGPT-alpha.forge.sdk.db.AgentDB.list_artifacts|sqlalchemy.orm.query.Query.filter_by,1
28677,autogpts.PolyGPT-alpha.forge.sdk.db.AgentDB.list_artifacts|sqlalchemy.orm.session.Session.query,1
28678,autogpts.PolyGPT-alpha.forge.sdk.db.AgentDB.list_artifacts|sqlalchemy.orm.query.Query.limit,1
28679,autogpts.PolyGPT-alpha.forge.sdk.db.AgentDB.list_artifacts|logging.Logger.error,1
28680,autogpts.PolyGPT-alpha.forge.sdk.db.AgentDB.list_artifacts|sqlalchemy.orm.session.sessionmaker.__call__,1
28681,autogpts.PolyGPT-alpha.forge.sdk.db.AgentDB.list_artifacts|sqlalchemy.orm.query.Query.all,1
28682,autogpts.PolyGPT-alpha.forge.sdk.db.AgentDB.get_task|logging.Logger.error,1
28683,autogpts.PolyGPT-alpha.forge.sdk.db.AgentDB.get_task|sqlalchemy.orm.session.Session.__enter__,1
28684,autogpts.PolyGPT-alpha.forge.sdk.db.AgentDB.get_task|sqlalchemy.orm.session.sessionmaker.__call__,1
28685,autogpts.PolyGPT-alpha.forge.sdk.db.AgentDB.get_task|sqlalchemy.orm.query.Query.options,1
28686,autogpts.PolyGPT-alpha.forge.sdk.db.AgentDB.get_task|logging.Logger.debug,1
28687,autogpts.PolyGPT-alpha.forge.sdk.db.AgentDB.get_task|sqlalchemy.orm.query.Query.first,1
28688,autogpts.PolyGPT-alpha.forge.sdk.db.AgentDB.get_task|BaseException.__init__,1
28689,autogpts.PolyGPT-alpha.forge.sdk.db.AgentDB.get_task|sqlalchemy.orm.session.Session.query,1
28690,autogpts.PolyGPT-alpha.forge.sdk.db.AgentDB.get_task|sqlalchemy.orm.query.Query.filter_by,1
28691,autogpts.PolyGPT-alpha.forge.sdk.db.AgentDB.get_step|logging.Logger.error,1
28692,autogpts.PolyGPT-alpha.forge.sdk.db.AgentDB.get_step|sqlalchemy.orm.query.Query.first,1
28693,autogpts.PolyGPT-alpha.forge.sdk.db.AgentDB.get_step|sqlalchemy.orm.session.Session.__enter__,1
28694,autogpts.PolyGPT-alpha.forge.sdk.db.AgentDB.get_step|sqlalchemy.orm.session.sessionmaker.__call__,1
28695,autogpts.PolyGPT-alpha.forge.sdk.db.AgentDB.get_step|logging.Logger.debug,1
28696,autogpts.PolyGPT-alpha.forge.sdk.db.AgentDB.get_step|BaseException.__init__,1
28697,autogpts.PolyGPT-alpha.forge.sdk.db.AgentDB.get_step|sqlalchemy.orm.query.Query.filter,1
28698,autogpts.PolyGPT-alpha.forge.sdk.db.AgentDB.get_step|sqlalchemy.orm.query.Query.options,1
28699,autogpts.PolyGPT-alpha.forge.sdk.db.AgentDB.get_step|sqlalchemy.sql.operators.ColumnOperators.__eq__,1
28700,autogpts.PolyGPT-alpha.forge.sdk.db.AgentDB.get_step|sqlalchemy.orm.session.Session.query,1
28701,autogpts.PolyGPT-alpha.forge.sdk.db.AgentDB.get_artifact|logging.Logger.error,1
28702,autogpts.PolyGPT-alpha.forge.sdk.db.AgentDB.get_artifact|sqlalchemy.orm.query.Query.first,1
28703,autogpts.PolyGPT-alpha.forge.sdk.db.AgentDB.get_artifact|sqlalchemy.orm.session.Session.__enter__,1
28704,autogpts.PolyGPT-alpha.forge.sdk.db.AgentDB.get_artifact|sqlalchemy.orm.session.sessionmaker.__call__,1
28705,autogpts.PolyGPT-alpha.forge.sdk.db.AgentDB.get_artifact|logging.Logger.debug,1
28706,autogpts.PolyGPT-alpha.forge.sdk.db.AgentDB.get_artifact|BaseException.__init__,1
28707,autogpts.PolyGPT-alpha.forge.sdk.db.AgentDB.get_artifact|sqlalchemy.orm.query.Query.filter_by,1
28708,autogpts.PolyGPT-alpha.forge.sdk.db.AgentDB.get_artifact|sqlalchemy.orm.session.Session.query,1
28709,autogpts.PolyGPT-alpha.forge.sdk.db.AgentDB.create_task|logging.Logger.error,1
28710,autogpts.PolyGPT-alpha.forge.sdk.db.AgentDB.create_task|sqlalchemy.orm.session.Session.__enter__,1
28711,autogpts.PolyGPT-alpha.forge.sdk.db.AgentDB.create_task|sqlalchemy.orm.session.sessionmaker.__call__,1
28712,autogpts.PolyGPT-alpha.forge.sdk.db.AgentDB.create_task|logging.Logger.debug,1
28713,autogpts.PolyGPT-alpha.forge.sdk.db.AgentDB.create_task|object.__init__,1
28714,autogpts.PolyGPT-alpha.forge.sdk.db.AgentDB.create_task|sqlalchemy.orm.session.Session.refresh,1
28715,autogpts.PolyGPT-alpha.forge.sdk.db.AgentDB.create_task|object.__repr__,1
28716,autogpts.PolyGPT-alpha.forge.sdk.db.AgentDB.create_task|sqlalchemy.orm.session.Session.commit,1
28717,autogpts.PolyGPT-alpha.forge.sdk.db.AgentDB.create_task|sqlalchemy.orm.session.Session.add,1
28718,autogpts.PolyGPT-alpha.forge.sdk.db.AgentDB.create_step|logging.Logger.error,1
28719,autogpts.PolyGPT-alpha.forge.sdk.db.AgentDB.create_step|sqlalchemy.orm.session.Session.__enter__,1
28720,autogpts.PolyGPT-alpha.forge.sdk.db.AgentDB.create_step|object.__init__,1
28721,autogpts.PolyGPT-alpha.forge.sdk.db.AgentDB.create_step|sqlalchemy.orm.session.sessionmaker.__call__,1
28722,autogpts.PolyGPT-alpha.forge.sdk.db.AgentDB.create_step|logging.Logger.debug,1
28723,autogpts.PolyGPT-alpha.forge.sdk.db.AgentDB.create_step|sqlalchemy.orm.session.Session.refresh,1
28724,autogpts.PolyGPT-alpha.forge.sdk.db.AgentDB.create_step|object.__repr__,1
28725,autogpts.PolyGPT-alpha.forge.sdk.db.AgentDB.create_step|sqlalchemy.orm.session.Session.commit,1
28726,autogpts.PolyGPT-alpha.forge.sdk.db.AgentDB.create_step|sqlalchemy.orm.session.Session.add,1
28727,autogpts.PolyGPT-alpha.forge.sdk.db.AgentDB.create_artifact|logging.Logger.error,1
28728,autogpts.PolyGPT-alpha.forge.sdk.db.AgentDB.create_artifact|sqlalchemy.orm.query.Query.first,1
28729,autogpts.PolyGPT-alpha.forge.sdk.db.AgentDB.create_artifact|sqlalchemy.orm.session.Session.__enter__,1
28730,autogpts.PolyGPT-alpha.forge.sdk.db.AgentDB.create_artifact|sqlalchemy.orm.session.sessionmaker.__call__,1
28731,autogpts.PolyGPT-alpha.forge.sdk.db.AgentDB.create_artifact|logging.Logger.debug,1
28732,autogpts.PolyGPT-alpha.forge.sdk.db.AgentDB.create_artifact|sqlalchemy.orm.session.Session.refresh,1
28733,autogpts.PolyGPT-alpha.forge.sdk.db.AgentDB.create_artifact|sqlalchemy.orm.query.Query.filter_by,1
28734,autogpts.PolyGPT-alpha.forge.sdk.db.AgentDB.create_artifact|object.__repr__,1
28735,autogpts.PolyGPT-alpha.forge.sdk.db.AgentDB.create_artifact|sqlalchemy.orm.session.Session.close,1
28736,autogpts.PolyGPT-alpha.forge.sdk.db.AgentDB.create_artifact|object.__init__,1
28737,autogpts.PolyGPT-alpha.forge.sdk.db.AgentDB.create_artifact|sqlalchemy.orm.session.Session.query,1
28738,autogpts.PolyGPT-alpha.forge.sdk.db.AgentDB.create_artifact|sqlalchemy.orm.session.Session.commit,1
28739,autogpts.PolyGPT-alpha.forge.sdk.db.AgentDB.create_artifact|sqlalchemy.orm.session.Session.add,1
28740,autogpts.PolyGPT-alpha.forge.sdk.db.AgentDB.__init__|object.__init__,1
28741,autogpts.PolyGPT-alpha.forge.sdk.db.AgentDB.__init__|logging.Logger.debug,1
28742,autogpts.PolyGPT-alpha.forge.sdk.db.AgentDB.__init__|sqlalchemy.orm.session.sessionmaker.__init__,1
28743,autogpts.PolyGPT-alpha.forge.sdk.agent_test.test_list_tasks|object.__init__,1
28744,autogpts.PolyGPT-alpha.forge.sdk.agent_test.test_get_task|object.__init__,1
28745,autogpts.PolyGPT-alpha.forge.sdk.agent_test.test_get_artifact|object.__init__,1
28746,autogpts.PolyGPT-alpha.forge.sdk.agent_test.test_create_task|str.__eq__,1
28747,autogpts.PolyGPT-alpha.forge.sdk.agent_test.test_create_task|object.__init__,1
28748,autogpts.PolyGPT-alpha.forge.sdk.agent_test.test_create_artifact|object.__init__,1
28749,autogpts.PolyGPT-alpha.forge.sdk.agent_test.agent|autogpts.PolyGPT-alpha.forge.sdk.workspace.LocalWorkspace.__init__,1
28750,autogpts.PolyGPT-alpha.forge.sdk.agent_test.agent|autogpts.PolyGPT-alpha.forge.sdk.db.AgentDB.__init__,1
28751,autogpts.PolyGPT-alpha.forge.sdk.agent_test.agent|autogpts.PolyGPT-alpha.forge.sdk.agent.Agent.__init__,1
28752,autogpts.PolyGPT-alpha.forge.sdk.agent.Agent.list_tasks|object.__init__,1
28753,autogpts.PolyGPT-alpha.forge.sdk.agent.Agent.list_tasks|autogpts.PolyGPT-alpha.forge.sdk.db.AgentDB.list_tasks,1
28754,autogpts.PolyGPT-alpha.forge.sdk.agent.Agent.list_steps|object.__init__,1
28755,autogpts.PolyGPT-alpha.forge.sdk.agent.Agent.list_steps|autogpts.PolyGPT-alpha.forge.sdk.db.AgentDB.list_steps,1
28756,autogpts.PolyGPT-alpha.forge.sdk.agent.Agent.list_artifacts|autogpts.PolyGPT-alpha.forge.sdk.db.AgentDB.list_artifacts,1
28757,autogpts.PolyGPT-alpha.forge.sdk.agent.Agent.list_artifacts|object.__init__,1
28758,autogpts.PolyGPT-alpha.forge.sdk.agent.Agent.get_task|autogpts.PolyGPT-alpha.forge.sdk.db.AgentDB.get_task,1
28759,autogpts.PolyGPT-alpha.forge.sdk.agent.Agent.get_step|autogpts.PolyGPT-alpha.forge.sdk.db.AgentDB.get_step,1
28760,autogpts.PolyGPT-alpha.forge.sdk.agent.Agent.get_artifact|autogpts.PolyGPT-alpha.forge.sdk.db.AgentDB.get_artifact,1
28761,autogpts.PolyGPT-alpha.forge.sdk.agent.Agent.get_artifact|io.BytesIO.__init__,1
28762,autogpts.PolyGPT-alpha.forge.sdk.agent.Agent.get_artifact|str.__contains__,1
28763,autogpts.PolyGPT-alpha.forge.sdk.agent.Agent.get_agent_app|logging.Logger.warning,1
28764,autogpts.PolyGPT-alpha.forge.sdk.agent.Agent.get_agent_app|pathlib.Path.resolve,1
28765,autogpts.PolyGPT-alpha.forge.sdk.agent.Agent.get_agent_app|pathlib.Path.__new__,1
28766,autogpts.PolyGPT-alpha.forge.sdk.agent.Agent.create_task|autogpts.PolyGPT-alpha.forge.sdk.db.AgentDB.create_task,1
28767,autogpts.PolyGPT-alpha.forge.sdk.agent.Agent.create_artifact|str.endswith,1
28768,autogpts.PolyGPT-alpha.forge.sdk.agent.Agent.create_artifact|int.__mul__,1
28769,autogpts.PolyGPT-alpha.forge.sdk.agent.Agent.create_artifact|autogpts.PolyGPT-alpha.forge.sdk.db.AgentDB.create_artifact,1
28770,autogpts.PolyGPT-alpha.forge.sdk.agent.Agent.create_artifact|object.__repr__,1
28771,autogpts.PolyGPT-alpha.forge.sdk.agent.Agent.create_artifact|bytes.__add__,1
28772,autogpts.PolyGPT-alpha.forge.sdk.agent.Agent.__init__|autogpts.PolyGPT-alpha.forge.sdk.abilities.registry.AbilityRegister.__init__,1
28773,autogpts.PolyGPT-alpha.forge.sdk.abilities.web.web_selenium.validate_url.wrapper|int.__gt__,1
28774,autogpts.PolyGPT-alpha.forge.sdk.abilities.web.web_selenium.validate_url.wrapper|BaseException.__init__,1
28775,autogpts.PolyGPT-alpha.forge.sdk.abilities.web.web_selenium.scrape_text_with_selenium|bs4.BeautifulSoup.__init__,1
28776,autogpts.PolyGPT-alpha.forge.sdk.abilities.web.web_selenium.scrape_text_with_selenium|typing.Generator.__next__,1
28777,autogpts.PolyGPT-alpha.forge.sdk.abilities.web.web_selenium.scrape_text_with_selenium|str.strip,1
28778,autogpts.PolyGPT-alpha.forge.sdk.abilities.web.web_selenium.scrape_text_with_selenium|str.split,1
28779,autogpts.PolyGPT-alpha.forge.sdk.abilities.web.web_selenium.scrape_text_with_selenium|str.join,1
28780,autogpts.PolyGPT-alpha.forge.sdk.abilities.web.web_selenium.scrape_text_with_selenium|bs4.element.PageElement.get_text,1
28781,autogpts.PolyGPT-alpha.forge.sdk.abilities.web.web_selenium.scrape_text_with_selenium|str.splitlines,1
28782,autogpts.PolyGPT-alpha.forge.sdk.abilities.web.web_selenium.scrape_links_with_selenium|bs4.BeautifulSoup.__init__,1
28783,autogpts.PolyGPT-alpha.forge.sdk.abilities.web.web_selenium.read_webpage|int.__gt__,1
28784,autogpts.PolyGPT-alpha.forge.sdk.abilities.web.web_selenium.read_webpage|slice.__init__,1
28785,autogpts.PolyGPT-alpha.forge.sdk.abilities.web.web_selenium.read_webpage|str.__add__,1
28786,autogpts.PolyGPT-alpha.forge.sdk.abilities.web.web_selenium.read_webpage|object.__init__,1
28787,autogpts.PolyGPT-alpha.forge.sdk.abilities.web.web_selenium.read_webpage|list.__getitem__,1
28788,autogpts.PolyGPT-alpha.forge.sdk.abilities.web.web_selenium.open_page_in_browser|object.__repr__,1
28789,autogpts.PolyGPT-alpha.forge.sdk.abilities.web.web_selenium.open_page_in_browser|pathlib.Path.exists,1
28790,autogpts.PolyGPT-alpha.forge.sdk.abilities.web.web_selenium.open_page_in_browser|logging.Logger.setLevel,1
28791,autogpts.PolyGPT-alpha.forge.sdk.abilities.web.web_selenium.open_page_in_browser|dict.__getitem__,1
28792,autogpts.PolyGPT-alpha.forge.sdk.abilities.web.web_selenium.open_page_in_browser|pathlib.Path.__new__,1
28793,autogpts.PolyGPT-alpha.forge.sdk.abilities.web.web_selenium.extract_hyperlinks|bs4.element.Tag.find_all,1
28794,autogpts.PolyGPT-alpha.forge.sdk.abilities.web.web_selenium.check_local_file_access|str.startswith,1
28795,autogpts.PolyGPT-alpha.forge.sdk.abilities.web.web_search.web_search|int.__ge__,1
28796,autogpts.PolyGPT-alpha.forge.sdk.abilities.web.web_search.web_search|int.__add__,1
28797,autogpts.PolyGPT-alpha.forge.sdk.abilities.web.web_search.web_search|list.__init__,1
28798,autogpts.PolyGPT-alpha.forge.sdk.abilities.web.web_search.web_search|itertools.islice.__init__,1
28799,autogpts.PolyGPT-alpha.forge.sdk.abilities.web.web_search.safe_google_results|bytes.decode,1
28800,autogpts.PolyGPT-alpha.forge.sdk.abilities.web.web_search.safe_google_results|str.encode,1
28801,autogpts.PolyGPT-alpha.forge.sdk.abilities.registry.ability.decorator|object.__ne__,1
28802,autogpts.PolyGPT-alpha.forge.sdk.abilities.registry.ability.decorator|set.__init__,1
28803,autogpts.PolyGPT-alpha.forge.sdk.abilities.registry.ability.decorator|BaseException.__init__,1
28804,autogpts.PolyGPT-alpha.forge.sdk.abilities.registry.ability.decorator|types.MappingProxyType.keys,1
28805,autogpts.PolyGPT-alpha.forge.sdk.abilities.registry.ability.decorator|inspect.Signature.parameters,1
28806,autogpts.PolyGPT-alpha.forge.sdk.abilities.registry.ability.decorator|object.__init__,1
28807,autogpts.PolyGPT-alpha.forge.sdk.abilities.registry.ability.decorator|set.add,1
28808,autogpts.PolyGPT-alpha.forge.sdk.abilities.registry.AbilityRegister.register_abilities|str.split,1
28809,autogpts.PolyGPT-alpha.forge.sdk.abilities.registry.AbilityRegister.register_abilities|int.__gt__,1
28810,autogpts.PolyGPT-alpha.forge.sdk.abilities.registry.AbilityRegister.register_abilities|str.__getitem__,1
28811,autogpts.PolyGPT-alpha.forge.sdk.abilities.registry.AbilityRegister.register_abilities|str.lower,1
28812,autogpts.PolyGPT-alpha.forge.sdk.abilities.registry.AbilityRegister.register_abilities|str.replace,1
28813,autogpts.PolyGPT-alpha.forge.sdk.abilities.registry.AbilityRegister.register_abilities|BaseException.__str__,1
28814,autogpts.PolyGPT-alpha.forge.sdk.abilities.registry.AbilityRegister.register_abilities|list.append,1
28815,autogpts.PolyGPT-alpha.forge.sdk.abilities.registry.AbilityRegister.register_abilities|slice.__init__,1
28816,autogpts.PolyGPT-alpha.forge.sdk.abilities.registry.AbilityRegister.register_abilities|list.__getitem__,1
28817,autogpts.PolyGPT-alpha.forge.sdk.abilities.registry.AbilityRegister.register_abilities|list.__contains__,1
28818,autogpts.PolyGPT-alpha.forge.sdk.abilities.registry.AbilityRegister.abilities_description|dict.__getitem__,1
28819,autogpts.PolyGPT-alpha.forge.sdk.abilities.registry.AbilityRegister.abilities_description|dict.items,1
28820,autogpts.PolyGPT-alpha.forge.sdk.abilities.registry.AbilityRegister.abilities_description|dict.__setitem__,1
28821,autogpts.PolyGPT-alpha.forge.sdk.abilities.registry.AbilityRegister.abilities_description|typing.Mapping.__contains__,1
28822,autogpts.PolyGPT-alpha.forge.sdk.abilities.registry.AbilityRegister.abilities_description|str.__ne__,1
28823,autogpts.PolyGPT-alpha.forge.sdk.abilities.registry.AbilityRegister.abilities_description|str.__add__,1
28824,autogpts.PolyGPT-alpha.forge.sdk.abilities.registry.AbilityRegister.__init__|autogpts.PolyGPT-alpha.forge.sdk.abilities.registry.AbilityRegister.register_abilities,1
28825,autogpts.PolyGPT-alpha.forge.sdk.abilities.registry.Ability.__str__|str.__getitem__,1
28826,autogpts.PolyGPT-alpha.forge.sdk.abilities.registry.Ability.__str__|slice.__init__,1
28827,autogpts.PolyGPT-alpha.forge.sdk.abilities.registry.Ability.__str__|str.__add__,1
28828,autogpts.PolyGPT-alpha.forge.sdk.abilities.finish.finish|logging.Logger.info,1
28829,autogpts.PolyGPT-alpha.forge.sdk.abilities.file_system.files.write_file|str.split,1
28830,autogpts.PolyGPT-alpha.forge.sdk.abilities.file_system.files.write_file|list.__getitem__,1
28831,autogpts.PolyGPT-alpha.forge.sdk.abilities.file_system.files.list_files|object.__repr__,1
28832,autogpts.PolyGPT-alpha.forge.function_call.AutoGenAssistant.run|str.strip,1
28833,autogpts.PolyGPT-alpha.forge.function_call.AutoGenAssistant.run|str.lower,1
28834,autogpts.PolyGPT-alpha.forge.function_call.AutoGenAssistant.run|str.__eq__,1
28835,autogpts.PolyGPT-alpha.forge.db.ForgeDatabase.get_chat_history|logging.Logger.error,1
28836,autogpts.PolyGPT-alpha.forge.db.ForgeDatabase.get_chat_history|sqlalchemy.orm.session.Session.__enter__,1
28837,autogpts.PolyGPT-alpha.forge.db.ForgeDatabase.get_chat_history|sqlalchemy.orm.query.Query.order_by,1
28838,autogpts.PolyGPT-alpha.forge.db.ForgeDatabase.get_chat_history|sqlalchemy.orm.session.sessionmaker.__call__,1
28839,autogpts.PolyGPT-alpha.forge.db.ForgeDatabase.get_chat_history|logging.Logger.debug,1
28840,autogpts.PolyGPT-alpha.forge.db.ForgeDatabase.get_chat_history|BaseException.__init__,1
28841,autogpts.PolyGPT-alpha.forge.db.ForgeDatabase.get_chat_history|sqlalchemy.orm.query.Query.filter,1
28842,autogpts.PolyGPT-alpha.forge.db.ForgeDatabase.get_chat_history|sqlalchemy.sql.operators.ColumnOperators.__eq__,1
28843,autogpts.PolyGPT-alpha.forge.db.ForgeDatabase.get_chat_history|sqlalchemy.orm.query.Query.all,1
28844,autogpts.PolyGPT-alpha.forge.db.ForgeDatabase.get_chat_history|sqlalchemy.orm.session.Session.query,1
28845,autogpts.PolyGPT-alpha.forge.db.ForgeDatabase.get_action_history|logging.Logger.error,1
28846,autogpts.PolyGPT-alpha.forge.db.ForgeDatabase.get_action_history|sqlalchemy.orm.session.Session.__enter__,1
28847,autogpts.PolyGPT-alpha.forge.db.ForgeDatabase.get_action_history|sqlalchemy.orm.query.Query.order_by,1
28848,autogpts.PolyGPT-alpha.forge.db.ForgeDatabase.get_action_history|sqlalchemy.orm.session.sessionmaker.__call__,1
28849,autogpts.PolyGPT-alpha.forge.db.ForgeDatabase.get_action_history|logging.Logger.debug,1
28850,autogpts.PolyGPT-alpha.forge.db.ForgeDatabase.get_action_history|BaseException.__init__,1
28851,autogpts.PolyGPT-alpha.forge.db.ForgeDatabase.get_action_history|sqlalchemy.orm.query.Query.all,1
28852,autogpts.PolyGPT-alpha.forge.db.ForgeDatabase.get_action_history|sqlalchemy.sql.operators.ColumnOperators.__eq__,1
28853,autogpts.PolyGPT-alpha.forge.db.ForgeDatabase.get_action_history|sqlalchemy.orm.session.Session.query,1
28854,autogpts.PolyGPT-alpha.forge.db.ForgeDatabase.get_action_history|sqlalchemy.orm.query.Query.filter,1
28855,autogpts.PolyGPT-alpha.forge.db.ForgeDatabase.create_action|logging.Logger.error,1
28856,autogpts.PolyGPT-alpha.forge.db.ForgeDatabase.create_action|sqlalchemy.orm.session.Session.__enter__,1
28857,autogpts.PolyGPT-alpha.forge.db.ForgeDatabase.create_action|sqlalchemy.orm.session.sessionmaker.__call__,1
28858,autogpts.PolyGPT-alpha.forge.db.ForgeDatabase.create_action|logging.Logger.debug,1
28859,autogpts.PolyGPT-alpha.forge.db.ForgeDatabase.create_action|object.__init__,1
28860,autogpts.PolyGPT-alpha.forge.db.ForgeDatabase.create_action|sqlalchemy.orm.session.Session.refresh,1
28861,autogpts.PolyGPT-alpha.forge.db.ForgeDatabase.create_action|object.__repr__,1
28862,autogpts.PolyGPT-alpha.forge.db.ForgeDatabase.create_action|sqlalchemy.orm.session.Session.commit,1
28863,autogpts.PolyGPT-alpha.forge.db.ForgeDatabase.create_action|sqlalchemy.orm.session.Session.add,1
28864,autogpts.PolyGPT-alpha.forge.db.ForgeDatabase.add_chat_message|logging.Logger.error,1
28865,autogpts.PolyGPT-alpha.forge.db.ForgeDatabase.add_chat_message|sqlalchemy.orm.session.Session.__enter__,1
28866,autogpts.PolyGPT-alpha.forge.db.ForgeDatabase.add_chat_message|sqlalchemy.orm.session.sessionmaker.__call__,1
28867,autogpts.PolyGPT-alpha.forge.db.ForgeDatabase.add_chat_message|logging.Logger.debug,1
28868,autogpts.PolyGPT-alpha.forge.db.ForgeDatabase.add_chat_message|sqlalchemy.orm.session.Session.refresh,1
28869,autogpts.PolyGPT-alpha.forge.db.ForgeDatabase.add_chat_message|object.__repr__,1
28870,autogpts.PolyGPT-alpha.forge.db.ForgeDatabase.add_chat_message|object.__init__,1
28871,autogpts.PolyGPT-alpha.forge.db.ForgeDatabase.add_chat_message|sqlalchemy.orm.session.Session.commit,1
28872,autogpts.PolyGPT-alpha.forge.db.ForgeDatabase.add_chat_message|sqlalchemy.orm.session.Session.add,1
28873,autogpts.PolyGPT-alpha.forge.db.ForgeDatabase.add_chat_history|autogpts.PolyGPT-alpha.forge.db.ForgeDatabase.add_chat_message,1
28874,autogpts.PolyGPT-alpha.forge.agent.ForgeAgent.execute_step|slice.__init__,1
28875,autogpts.PolyGPT-alpha.forge.agent.ForgeAgent.create_task|int.__gt__,1
28876,autogpts.PolyGPT-alpha.forge.agent.ForgeAgent.create_task|slice.__init__,1
28877,autogpts.PolyGPT-alpha.forge.agent.ForgeAgent.__init__|object.__init__,1
